event_id,game_date
EFBO361411,2011-08-06
EFBO361420,2011-08-13
EFBO361433,2011-08-16
EFBO361447,2011-08-20
EFBO361451,2011-08-27
EFBO381822,2011-08-30
EFBO361471,2011-09-03
EFBO361479,2011-09-10
EFBO361495,2011-09-13
EFBO361507,2011-09-17
EFBO361518,2011-09-24
EFBO361531,2011-10-01
EFBO361531,2011-10-01
EFBO361537,2011-10-08
EFBO419418,2011-10-12
EFBO361555,2011-10-15
EFBO361569,2011-10-22
EFBO361574,2011-10-25
EFBO361589,2011-10-29
EFBO361605,2011-11-05
EFBO420035,2011-11-09
EFBO361614,2011-11-19
EFBO361623,2011-11-26
EFBO361638,2011-12-10
EFBO361653,2011-12-17
EFBO361674,2011-12-30
EFBO361688,2012-01-02
EFBO361699,2012-01-07
EFBO361713,2012-01-14
EFBO361662,2012-01-17
EFBO361714,2012-01-21
EFBO361735,2012-01-28
EFBO361749,2012-02-04
EFBO361764,2012-02-14
EFBO361783,2012-02-18
EFBO361793,2012-02-25
EFBO361800,2012-03-03
EFBO361819,2012-03-06
EFBO361831,2012-03-10
EFBO361759,2012-03-13
EFBO361844,2012-03-17
EFBO361855,2012-03-20
EFBO361866,2012-03-24
EFBO361871,2012-03-31
EFBO361890,2012-04-06
EFBO361901,2012-04-09
EFBO361915,2012-04-14
EFBO361929,2012-04-21
EFBO361933,2012-04-28
EFBO361953,2012-05-05
EFBO443518,2012-08-18
EFBO443523,2012-08-21
EFBO443543,2012-08-25
EFBO443554,2012-09-01
EFBO443554,2012-09-01
EFBO472824,2012-09-04
EFBO443561,2012-09-08
EFBO443580,2012-09-15
EFBO443592,2012-09-18
EFBO443596,2012-09-22
EFBO443616,2012-09-29
EFBO443625,2012-10-02
EFBO443636,2012-10-06
EFBO443652,2012-10-13
EFBO443653,2012-10-20
EFBO443676,2012-10-23
EFBO443688,2012-10-27
EFBO443693,2012-11-07
EFBO443709,2012-11-10
EFBO481014,2012-11-13
EFBO443724,2012-11-16
EFBO443736,2012-11-20
EFBO443746,2012-11-24
EFBO443759,2012-12-08
EFBO443769,2012-12-15
EFBO443782,2012-12-21
EFBO443796,2012-12-26
EFBO443808,2012-12-29
EFBO443810,2013-01-01
EFBO443810,2013-01-01
EFBO443844,2013-01-12
EFBO443823,2013-01-16
EFBO443845,2013-01-19
EFBO443878,2013-02-02
EFBO443887,2013-02-09
EFBO443902,2013-02-15
EFBO443868,2013-02-19
EFBO443908,2013-02-23
EFBO443928,2013-02-26
EFBO443940,2013-03-02
EFBO443952,2013-03-09
EFBO443963,2013-03-12
EFBO443971,2013-03-16
EFBO443988,2013-03-24
EFBO443999,2013-03-29
EFBO444008,2013-04-01
EFBO444008,2013-04-01
EFBO444016,2013-04-06
EFBO444036,2013-04-13
EFBO444045,2013-04-20
EFBO444060,2013-04-27
EFBO695845,2013-08-03
EFBO694867,2013-08-06
EFBO695856,2013-08-10
EFBO695861,2013-08-17
EFBO695880,2013-08-24
EFBO720114,2013-08-27
EFBO695886,2013-08-31
EFBO722077,2013-09-03
EFBO695904,2013-09-07
EFBO695916,2013-09-14
EFBO695921,2013-09-21
EFBO726613,2013-09-25
EFBO695940,2013-09-28
EFBO695952,2013-10-05
EFBO695954,2013-10-13
EFBO695975,2013-10-19
EFBO695986,2013-10-22
EFBO696000,2013-10-26
EFBO696009,2013-11-02
EFBO732265,2013-11-09
EFBO696024,2013-11-16
EFBO696027,2013-11-23
EFBO696049,2013-11-26
EFBO696060,2013-11-30
EFBO732765,2013-12-07
EFBO696065,2013-12-14
EFBO696084,2013-12-20
EFBO696096,2013-12-26
EFBO696107,2013-12-29
EFBO696120,2014-01-01
EFBO696120,2014-01-01
EFBO696144,2014-01-11
EFBO696151,2014-01-18
EFBO696168,2014-01-25
EFBO696180,2014-01-28
EFBO696187,2014-02-01
EFBO696187,2014-02-01
EFBO696204,2014-02-08
EFBO696206,2014-02-15
EFBO696228,2014-02-22
EFBO696240,2014-03-01
EFBO696240,2014-03-01
EFBO696251,2014-03-08
EFBO696254,2014-03-11
EFBO696276,2014-03-15
EFBO696284,2014-03-22
EFBO696300,2014-03-25
EFBO696312,2014-03-29
EFBO696318,2014-04-05
EFBO696336,2014-04-12
EFBO696124,2014-04-15
EFBO696345,2014-04-18
EFBO696360,2014-04-21
EFBO696367,2014-04-26
EFBO696383,2014-05-03
EFBO756798,2014-08-09
EFBO754351,2014-08-12
EFBO756807,2014-08-16
EFBO756821,2014-08-19
EFBO756834,2014-08-23
EFBO756845,2014-08-30
EFBO756847,2014-09-06
EFBO756864,2014-09-13
EFBO756881,2014-09-16
EFBO756893,2014-09-20
EFBO756897,2014-09-27
EFBO756908,2014-10-04
EFBO783313,2014-10-07
EFBO756930,2014-10-11
EFBO756937,2014-10-18
EFBO756954,2014-10-21
EFBO756955,2014-10-25
EFBO756978,2014-11-01
EFBO756978,2014-11-01
EFBO785977,2014-11-08
EFBO785287,2014-11-11
EFBO756982,2014-11-15
EFBO757002,2014-11-22
EFBO757014,2014-11-29
EFBO786750,2014-12-06
EFBO786857,2014-12-09
EFBO757017,2014-12-13
EFBO787669,2014-12-16
EFBO757038,2014-12-19
EFBO757039,2014-12-26
EFBO757062,2014-12-28
EFBO787749,2015-01-03
EFBO757082,2015-01-10
EFBO757097,2015-01-17
EFBO757109,2015-01-24
EFBO757115,2015-01-31
EFBO757133,2015-02-07
EFBO757143,2015-02-10
EFBO757158,2015-02-14
EFBO757170,2015-02-21
EFBO757072,2015-02-24
EFBO757172,2015-02-28
EFBO757194,2015-03-03
EFBO757206,2015-03-07
EFBO757214,2015-03-14
EFBO757220,2015-03-17
EFBO757242,2015-03-21
EFBO757254,2015-03-28
EFBO757264,2015-04-03
EFBO757278,2015-04-06
EFBO757287,2015-04-11
EFBO757296,2015-04-14
EFBO757314,2015-04-18
EFBO757322,2015-04-25
EFBO757338,2015-05-02
EFBO814346,2015-08-08
EFBO814358,2015-08-11
EFBO814370,2015-08-15
EFBO814376,2015-08-18
EFBO814387,2015-08-22
EFBO814406,2015-08-29
EFBO814414,2015-08-31
EFBO814429,2015-09-05
EFBO814436,2015-09-12
EFBO814453,2015-09-15
EFBO814465,2015-09-18
EFBO814468,2015-09-22
EFBO814490,2015-09-26
EFBO814496,2015-10-03
EFBO814513,2015-10-06
EFBO814517,2015-10-10
EFBO814527,2015-10-13
EFBO814547,2015-10-17
EFBO837381,2015-10-24
EFBO837740,2015-10-27
EFBO814555,2015-10-31
EFBO814583,2015-11-14
EFBO814591,2015-11-21
EFBO814600,2015-11-24
EFBO814610,2015-11-28
EFBO814615,2015-12-05
EFBO838761,2015-12-12
EFBO814634,2015-12-19
EFBO814647,2015-12-26
EFBO814650,2015-12-28
EFBO814669,2016-01-02
EFBO814683,2016-01-09
EFBO814696,2016-01-23
EFBO814707,2016-01-30
EFBO814722,2016-02-06
EFBO814733,2016-02-13
EFBO814739,2016-02-20
EFBO814762,2016-02-28
EFBO814775,2016-03-05
EFBO814720,2016-03-08
EFBO814789,2016-03-12
EFBO814798,2016-03-19
EFBO814811,2016-03-25
EFBO814826,2016-03-28
EFBO814837,2016-04-02
EFBO814851,2016-04-09
EFBO814863,2016-04-16
EFBO814873,2016-04-23
EFBO814882,2016-04-30
EFBO864026,2016-08-06
EFBO864046,2016-08-09
EFBO864058,2016-08-13
EFBO864061,2016-08-16
EFBO864081,2016-08-20
EFBO864093,2016-08-27
EFBO864105,2016-08-29
EFBO864108,2016-09-03
EFBO864130,2016-09-10
EFBO864143,2016-09-13
EFBO864153,2016-09-17
EFBO864166,2016-09-24
EFBO864170,2016-10-01
EFBO864170,2016-10-01
EFBO864190,2016-10-04
EFBO864203,2016-10-08
EFBO890396,2016-10-15
EFBO864210,2016-10-22
EFBO864225,2016-10-25
EFBO864233,2016-10-29
EFBO864249,2016-11-12
EFBO864255,2016-11-19
EFBO864270,2016-11-22
EFBO864285,2016-11-26
EFBO864292,2016-11-29
EFBO864310,2016-12-03
EFBO897563,2016-12-10
EFBO864317,2016-12-17
EFBO864334,2016-12-26
EFBO864342,2017-01-01
EFBO864342,2017-01-01
EFBO898298,2017-01-14
EFBO864382,2017-01-28
EFBO864370,2017-01-31
EFBO902632,2017-02-04
EFBO906173,2017-02-08
EFBO864406,2017-02-11
EFBO864412,2017-02-18
EFBO864430,2017-02-21
EFBO906178,2017-02-25
EFBO864448,2017-03-03
EFBO864384,2017-03-07
EFBO909388,2017-03-11
EFBO864478,2017-03-14
EFBO909390,2017-03-18
EFBO864489,2017-03-21
EFBO864501,2017-03-25
EFBO864465,2017-03-28
EFBO864514,2017-04-01
EFBO864514,2017-04-01
EFBO864358,2017-04-04
EFBO864527,2017-04-08
EFBO864441,2017-04-11
EFBO864537,2017-04-14
EFBO864546,2017-04-17
EFBO864561,2017-04-22
EFBO864572,2017-04-29
EFBO914293,2017-05-03
EFBO914295,2017-05-06
EFBO914504,2017-05-14
EFBO931203,2017-08-05
EFBO931216,2017-08-08
EFBO931228,2017-08-12
EFBO931232,2017-08-15
EFBO931245,2017-08-19
EFBO931262,2017-08-26
EFBO931276,2017-08-28
EFBO931288,2017-09-02
EFBO931300,2017-09-09
EFBO931311,2017-09-12
EFBO931317,2017-09-16
EFBO931336,2017-09-23
EFBO931337,2017-09-30
EFBO931355,2017-10-04
EFBO931369,2017-10-07
EFBO958531,2017-10-14
EFBO931373,2017-10-21
EFBO931396,2017-10-24
EFBO931405,2017-10-28
EFBO958964,2017-11-04
EFBO931415,2017-11-11
EFBO959938,2017-11-15
EFBO931424,2017-11-18
EFBO931439,2017-11-21
EFBO931451,2017-11-25
EFBO931480,2017-12-09
EFBO963374,2017-12-18
EFBO931490,2017-12-23
EFBO931499,2017-12-26
EFBO931516,2017-12-30
EFBO931521,2018-01-01
EFBO931521,2018-01-01
EFBO931533,2018-01-06
EFBO931466,2018-01-13
EFBO931552,2018-01-20
EFBO931559,2018-01-27
EFBO931571,2018-02-03
EFBO931583,2018-02-10
EFBO931595,2018-02-17
EFBO931607,2018-02-20
EFBO931620,2018-02-24
EFBO931638,2018-03-10
EFBO931649,2018-03-17
EFBO931672,2018-03-24
EFBO931699,2018-04-07
EFBO931631,2018-04-10
EFBO931719,2018-04-14
EFBO931676,2018-04-17
EFBO931728,2018-04-21
EFBO931694,2018-04-24
EFBO931743,2018-04-28
EFBO983036,2018-05-05
EFBO983127,2018-05-12
EFBO985138,2018-07-10
EFBO992074,2018-08-04
EFBO992086,2018-08-11
EFBO988715,2018-08-14
EFBO992099,2018-08-18
EFBO992110,2018-08-21
EFBO992122,2018-08-25
EFBO992130,2018-09-01
EFBO992130,2018-09-01
EFBO1014828,2018-09-04
EFBO992146,2018-09-08
EFBO992148,2018-09-15
EFBO992170,2018-09-22
EFBO992179,2018-09-29
EFBO992195,2018-10-02
EFBO992203,2018-10-06
EFBO1014831,2018-10-09
EFBO992219,2018-10-12
EFBO992231,2018-10-20
EFBO992234,2018-10-23
EFBO992255,2018-10-27
EFBO1014833,2018-10-30
EFBO992267,2018-11-03
EFBO1032591,2018-11-10
EFBO992269,2018-11-17
EFBO1033275,2018-11-20
EFBO992291,2018-11-24
EFBO992296,2018-11-27
EFBO1033528,2018-12-02
EFBO992314,2018-12-08
EFBO992325,2018-12-15
EFBO1034643,2018-12-17
EFBO992328,2018-12-22
EFBO992351,2018-12-26
EFBO992363,2018-12-29
EFBO992369,2019-01-01
EFBO992369,2019-01-01
EFBO1034933,2019-01-04
EFBO992389,2019-01-12
EFBO992410,2019-01-19
EFBO992417,2019-01-26
EFBO992386,2019-02-05
EFBO992446,2019-02-09
EFBO992448,2019-02-16
EFBO992433,2019-02-19
EFBO992470,2019-02-23
EFBO992474,2019-03-02
EFBO992496,2019-03-08
EFBO992507,2019-03-12
EFBO992522,2019-03-23
EFBO992542,2019-03-30
EFBO992517,2019-04-02
EFBO992552,2019-04-06
EFBO992566,2019-04-13
EFBO992579,2019-04-19
EFBO992584,2019-04-22
EFBO992603,2019-04-30
EFBO992605,2019-05-04
EFBO1056735,2019-05-10
EFBO1056737,2019-05-13
EFBO1057386,2019-05-25
EFBO1058948,2019-07-11
EFBO1064352,2019-08-03
EFBO1064362,2019-08-10
EFBO1065632,2019-08-13
EFBO1064376,2019-08-17
EFBO1064380,2019-08-20
EFBO1064412,2019-08-31
EFBO1064424,2019-09-07
EFBO1064434,2019-09-14
EFBO1064448,2019-09-17
EFBO1064460,2019-09-21
EFBO1064466,2019-09-28
EFBO1064484,2019-10-05
EFBO1087910,2019-10-08
EFBO1064489,2019-10-13
EFBO1064508,2019-10-18
EFBO1064520,2019-10-22
EFBO1064541,2019-11-02
EFBO2033344,2019-11-09
EFBO1087533,2019-11-12
EFBO1064557,2019-11-17
EFBO2040827,2019-11-20
EFBO1064560,2019-11-23
EFBO2040878,2019-12-01
EFBO2040878,2019-12-01
EFBO2041445,2019-12-04
EFBO1064581,2019-12-07
EFBO1064586,2019-12-14
EFBO1064605,2019-12-21
EFBO1064608,2019-12-26
EFBO1064628,2019-12-29
EFBO1064640,2020-01-01
EFBO1064640,2020-01-01
EFBO2042067,2020-01-04
EFBO2042853,2020-01-07
EFBO1064664,2020-01-11
EFBO1064676,2020-01-18
EFBO2048116,2020-01-23
EFBO2048316,2020-01-26
EFBO1064700,2020-01-29
EFBO1064703,2020-02-01
EFBO1064703,2020-02-01
EFBO1064533,2020-02-04
EFBO1064724,2020-02-08
EFBO1064736,2020-02-11
EFBO1064761,2020-02-22
EFBO1064651,2020-02-25
EFBO1064775,2020-03-07
EFBO1064678,2020-03-10
EFBO1064797,2020-03-14
EFBO1064747,2020-03-17
EFBO1064798,2020-03-21
EFBO1064821,2020-03-28
EFBO1064826,2020-04-04
EFBO1064856,2020-04-13
EFBO1064863,2020-04-18
EFBO1064773,2020-04-21
EFBO1064880,2020-04-25
EFBO1064891,2020-05-03
EFBO2127743,2020-09-05
EFBO2128099,2020-09-08
EFBO2130365,2020-09-12
EFBO2130383,2020-09-19
EFBO2130387,2020-09-26
EFBO2128103,2020-09-29
EFBO2130407,2020-10-03
EFBO2130416,2020-10-10
EFBO2130427,2020-10-17
EFBO2130443,2020-10-20
EFBO2130455,2020-10-24
EFBO2130458,2020-10-27
EFBO2130479,2020-10-31
EFBO2130487,2020-11-03
EFBO2173623,2020-11-07
EFBO2128104,2020-11-11
EFBO2130502,2020-11-14
EFBO2130515,2020-11-21
EFBO2130527,2020-11-24
EFBO2174987,2020-11-27
EFBO2130537,2020-12-01
EFBO2130537,2020-12-01
EFBO2130551,2020-12-05
EFBO2176414,2020-12-08
EFBO2130554,2020-12-12
EFBO2130577,2020-12-19
EFBO2130599,2020-12-26
EFBO2130600,2020-12-29
EFBO2177561,2021-01-10
EFBO2181192,2021-01-13
EFBO2130646,2021-01-16
EFBO2130635,2021-01-19
EFBO2130659,2021-01-23
EFBO2130671,2021-01-26
EFBO2130680,2021-01-30
EFBO2187327,2021-02-02
EFBO2130695,2021-02-06
EFBO2130575,2021-02-09
EFBO2189920,2021-02-16
EFBO2130719,2021-02-20
EFBO2130723,2021-02-23
EFBO2130737,2021-02-27
EFBO2130755,2021-03-02
EFBO2130767,2021-03-06
EFBO2130778,2021-03-09
EFBO2191510,2021-03-14
EFBO2130702,2021-03-17
EFBO2130803,2021-03-20
EFBO2130615,2021-03-23
EFBO2130815,2021-03-27
EFBO2130820,2021-04-02
EFBO2130839,2021-04-05
EFBO2130849,2021-04-10
EFBO2130791,2021-04-13
EFBO2130863,2021-04-17
EFBO2130866,2021-04-20
EFBO2130887,2021-04-24
EFBO2130892,2021-05-01
EFBO2130892,2021-05-01
EFBO2130911,2021-05-08
EFBO2205590,2021-05-20
EFBO2205591,2021-05-23
EFBO2213991,2021-08-07
EFBO2214977,2021-08-10
EFBO2213999,2021-08-14
EFBO2214014,2021-08-17
EFBO2214027,2021-08-21
EFBO2214036,2021-08-28
EFBO2214051,2021-09-04
EFBO2214058,2021-09-11
EFBO2229418,2021-09-14
EFBO2214075,2021-09-18
EFBO2214078,2021-09-25
EFBO2214099,2021-10-02
EFBO2229420,2021-10-05
EFBO2214110,2021-10-08
EFBO2214113,2021-10-16
EFBO2214128,2021-10-19
EFBO2214146,2021-10-23
EFBO2214154,2021-10-30
EFBO2257477,2021-11-06
EFBO2229424,2021-11-09
EFBO2214170,2021-11-13
EFBO2214174,2021-11-20
EFBO2214195,2021-11-23
EFBO2258702,2021-12-04
EFBO2214217,2021-12-07
EFBO2214223,2021-12-11
EFBO2214243,2021-12-18
EFBO2258843,2021-12-21
EFBO2214255,2021-12-26
EFBO2214291,2022-01-08
EFBO2214275,2022-01-11
EFBO2214303,2022-01-15
EFBO2214305,2022-01-22
EFBO2214327,2022-01-29
EFBO2214207,2022-02-01
EFBO2214207,2022-02-01
EFBO2214328,2022-02-05
EFBO2214351,2022-02-08
EFBO2214363,2022-02-12
EFBO2214260,2022-02-15
EFBO2214375,2022-02-19
EFBO2214382,2022-02-26
EFBO2214396,2022-03-05
EFBO2214410,2022-03-11
EFBO2214422,2022-03-15
EFBO2214435,2022-03-19
EFBO2214438,2022-03-26
EFBO2214458,2022-04-02
EFBO2214471,2022-04-09
EFBO2214473,2022-04-15
EFBO2214495,2022-04-18
EFBO2214506,2022-04-23
EFBO2214519,2022-04-30
EFBO2214526,2022-05-07
EFBO2300834,2022-07-30
EFBO2300844,2022-08-06
EFBO2301560,2022-08-09
EFBO2300858,2022-08-13
EFBO2300867,2022-08-16
EFBO2300881,2022-08-20
EFBO2324425,2022-08-24
EFBO2300894,2022-08-27
EFBO2300902,2022-09-03
EFBO2300930,2022-09-13
EFBO2300941,2022-09-17
EFBO2307409,2022-09-20
EFBO2300955,2022-09-24
EFBO2300967,2022-10-01
EFBO2300967,2022-10-01
EFBO2307407,2022-10-04
EFBO2300978,2022-10-08
EFBO2300991,2022-10-14
EFBO2307410,2022-10-18
EFBO2300997,2022-10-22
EFBO2301014,2022-10-25
EFBO2301026,2022-10-29
EFBO2300918,2022-11-01
EFBO2300918,2022-11-01
EFBO2333856,2022-11-05
EFBO2301039,2022-11-12
EFBO2301050,2022-11-19
EFBO2336653,2022-11-22
EFBO2301061,2022-12-03
EFBO2301068,2022-12-10
EFBO2301099,2022-12-26
EFBO2301100,2022-12-29
EFBO2301115,2023-01-01
EFBO2301115,2023-01-01
EFBO2301135,2023-01-07
EFBO2301147,2023-01-14
EFBO2301170,2023-01-28
EFBO2301182,2023-02-04
EFBO2301152,2023-02-07
EFBO2301194,2023-02-11
EFBO2301196,2023-02-14
EFBO2301218,2023-02-18
EFBO2301230,2023-02-25
EFBO2301086,2023-02-28
EFBO2301242,2023-03-04
EFBO2301249,2023-03-11
EFBO2301266,2023-03-18
EFBO2301269,2023-03-25
EFBO2301290,2023-03-31
EFBO2301292,2023-04-07
EFBO2301314,2023-04-10
EFBO2301317,2023-04-15
EFBO2301335,2023-04-18
EFBO2301350,2023-04-22
EFBO2301352,2023-04-29
EFBO2301374,2023-05-08
EFBO2371632,2023-08-05
EFBO2372905,2023-08-08
EFBO2371640,2023-08-12
EFBO2371656,2023-08-15
EFBO2371668,2023-08-19
EFBO2371678,2023-08-26
EFBO2371632,2023-08-05
EFBO2372905,2023-08-08
EFBO2371640,2023-08-12
EFBO2371656,2023-08-15
EFBO2371668,2023-08-19
EFBO2371678,2023-08-26
EFBO2404261,2023-08-29
EFBO2371692,2023-09-02
EFBO2397423,2023-09-05
EFBO2371698,2023-09-09
EFBO2371711,2023-09-16
EFBO2371728,2023-09-23
EFBO2371730,2023-09-30
EFBO2371692,2023-09-02
EFBO2397423,2023-09-05
EFBO2371698,2023-09-09
EFBO2371711,2023-09-16
EFBO2371728,2023-09-23
EFBO2371730,2023-09-30
EFBO2371752,2023-10-03
EFBO2371765,2023-10-07
EFBO2397426,2023-10-10
EFBO2371767,2023-10-14
EFBO2371789,2023-10-20
EFBO2371797,2023-10-24
EFBO2371812,2023-10-28
EFBO2371752,2023-10-03
EFBO2371765,2023-10-07
EFBO2397426,2023-10-10
EFBO2371767,2023-10-14
EFBO2371789,2023-10-20
EFBO2371797,2023-10-24
EFBO2371812,2023-10-28
EFBO2412014,2023-11-04
EFBO2371823,2023-11-11
EFBO2397428,2023-11-14
EFBO2371837,2023-11-18
EFBO2371847,2023-11-25
EFBO2371856,2023-11-28
EFBO2371873,2023-12-09
EFBO2371884,2023-12-16
EFBO2371896,2023-12-23
EFBO2371907,2023-12-26
EFBO2371914,2023-12-29
EFBO2371932,2024-01-01
EFBO2371935,2024-01-06
EFBO2371956,2024-01-13
EFBO2371974,2024-01-27
EFBO2371993,2024-02-03
EFBO2371996,2024-02-10
EFBO2372017,2024-02-13
EFBO2372027,2024-02-17
EFBO2372033,2024-02-24
EFBO2371968,2024-02-27
EFBO2372051,2024-03-02
EFBO2372058,2024-03-09
EFBO2372075,2024-03-12
EFBO2372089,2024-03-16
EFBO2372100,2024-03-23
EFBO2372105,2024-03-29
EFBO2372124,2024-04-01
EFBO2372137,2024-04-06
EFBO2372144,2024-04-13
EFBO2372160,2024-04-20
EFBO2372163,2024-04-27
EFBO2450709,2024-08-10
EFBO2453035,2024-08-13
EFBO2450721,2024-08-17
EFBO2453498,2024-08-20
EFBO2450734,2024-08-24
EFBO2481548,2024-08-27
